[
    {
        "key": "language",
        "vi_label": "Ngôn ngữ",
		"en_label": "Language"
    },
    {
        "key": "botWith",
        "vi_label": "Tỉ lệ chiều rộng BOT/App LastWar",
		"en_label": "Ratio width application BOT/App LastWar"
    },
    {
        "key": "hotKeyAutoClick",
        "vi_label": "Phím tắt Auto Click",
		"en_label": "Hot Key Auto Click"
    },
    {
        "key": "thresholdDefault",
        "vi_label": "threshold mặc định",
		"en_label": "threshold Default"
    },
    {
        "key": "hotKeyGetMousePos",
        "vi_label": "Phím tắt lấy vị trí con trỏ",
		"en_label": "Hot Key Get pos mouse"
    },
    {
        "key": "autoReLogin",
        "vi_label": "Tự động đăng nhập lại (phút)\n= 0 là không hoạt động",
		"en_label": "Auto Re Login (min)\n= 0 is inactive"
    },
    {
        "key": "season",
        "vi_label": "Season",
		"en_label": "Season"
    },
    {
        "key": "click_interval",
        "vi_label": "Khoảng thời gian click chuột",
		"en_label": "Click interval"
    },
    {
        "key": "hotKeyStartStop",
        "vi_label": "Phím tắt Start/Stop BOT",
		"en_label": "Hot Key Start/Stop BOT"
    },
    {
        "key": "sleep_main_loop",
        "vi_label": "Tần suất thời gian quét (giây)",
		"en_label": "Scan Time Frequency (seconds)"
    },
    {
        "key": "transition_time",
        "vi_label": "Thời gian chuyển cảnh (giây)",
		"en_label": "Transition time (seconds)"
    },
    {
        "key": "transitionTimeTreasure",
        "vi_label": "Thời gian chuyển cảnh kho báu (giây)",
		"en_label": "Transition time transition (seconds)"
    },
    {
        "key": "transition_time_egg",
        "vi_label": "Thời gian chuyển cảnh trứng vàng (giây)",
		"en_label": "Transition time gold Egg (seconds)"
    },
	{
        "key": "sleep_before_attack",
        "vi_label": "Thời gian nghỉ trước khi bấm xuất chinh (giây)",
		"en_label": "Sleep before attack (seconds)"
    },
    {
        "key": "transition_time_march",
        "vi_label": "Thời gian chuyển cảnh Xuất chinh (giây)",
		"en_label": "Transition time march (seconds)"
    },
    {
        "key": "scales_defaul",
        "vi_label": "Tỉ lệ ảnh",
		"en_label": "Image zoom ratio"
    },
    {
        "key": "levelBoss",
        "vi_label": "Loại Boss",
		"en_label": "Boss Type"
    },
    {
        "key": "horizontalDistance",
        "vi_label": "Khoảng cách ngang",
		"en_label": "horizontal Distance"
    },
    {
        "key": "verticalDistance",
        "vi_label": "Khoảng cách dọc",
		"en_label": "vertical Distance"
    },
    {
        "key": "alertPowerJoinRally",
        "vi_label": "Cảnh báo lực chiến thấp khi đánh boss",
		"en_label": "Low power notification when fighting boss"
    },
    {
        "key": "waitTeamBack",
        "vi_label": "Chờ đội trở về",
		"en_label": "Waiting team return"
    },
	{
        "key": "thresholdSearchHero",
        "vi_label": "threshold Search Hero",
		"en_label": "threshold Search Hero"
    },
	{
        "key": "thresholdSearchTiming",
        "vi_label": "threshold Search Timing",
		"en_label": "threshold Search Timing"
    },
    {
        "key": "thresholdTreasure",
        "vi_label": "threshold Treasure",
		"en_label": "threshold Treasure"
    },
    {
        "key": "maxTimeTreasure",
        "vi_label": "Thời gian tối đa ăn kho báu",
		"en_label": "Maximum time to eat Treasure"
    },
    {
        "key": "mesageThankyou",
        "vi_label": "Lời nhắn khi ăn kho báu thành công",
		"en_label": "Message when eating treasure successfully"
    },
    {
        "key": "timingClick",
        "vi_label": "Thời gian click",
		"en_label": "Timing click"
    },
    {
        "key": "checkTimeRally",
        "vi_label": "Kiểm tra thời gian rally < 1 phút",
		"en_label": "Check Time Rally < 1 minute"
    },
    {
        "key": "checkInterServer",
        "vi_label": "Kiểm tra liên server",
		"en_label": "Check inter server"
    },
	{
        "key": "thresholdSearchBoss",
        "vi_label": "threshold Search Boss",
		"en_label": "threshold Search Boss"
    },
    {
        "key": "team1",
        "vi_label": "Ảnh tướng đội 1",
		"en_label": "Icon hero team 1"
    },
    {
        "key": "team2",
        "vi_label": "Ảnh tướng đội 2",
		"en_label": "Icon hero team 2"
    },
    {
        "key": "team3",
        "vi_label": "Ảnh tướng đội 3",
		"en_label": "Icon hero team 3"
    },
    {
        "key": "team4",
        "vi_label": "Ảnh tướng đội 4",
		"en_label": "Icon hero team 4"
    },
    {
        "key": "selectedTeamJoinRallyBoss",
        "vi_label": "Team tham gia rally",
		"en_label": "Team join rally"
    },
	{
        "key": "lblConfigbot",
        "vi_label": "CẤU HÌNH BOT",
		"en_label": "CONFIG BOT"
    },
	{
        "key": "mainLblFindBoss",
        "vi_label": "Tự động gia nhập đánh BOSS",
		"en_label": "Auto join kill BOSS"
    },
    {
        "key": "mainLblFindZombieGold",
        "vi_label": "Tự động tìm đánh zombie vàng (Đang thử nghiệm)",
		"en_label": "Auto kill zombie gold"
    },
	{
        "key": "mainLblFindBanos",
        "vi_label": "Tự động ăn kho báu",
		"en_label": "Auto BANOS"
    },
    {
        "key": "mainLblFindEgg",
        "vi_label": "Tự động ăn trứng vàng",
		"en_label": "Auto Gold Eggs"
    },
	{
        "key": "mainLblConfigBot",
        "vi_label": "Cài đặt cấu hình BOT",
		"en_label": "Configuration settings BOT"
    },
	{
        "key": "mainLblLicense",
        "vi_label": "Cập nhật license BOT",
		"en_label": "Update License BOT"
    },
	{
        "key": "mainLblAppRunTime",
        "vi_label": "Thời gian chạy ứng dụng",
		"en_label": "Application runtime"
    },
	{
        "key": "mainLblStatusBotRunning",
        "vi_label": "BOT đang chạy",
		"en_label": "BOT is running"
    },
	{
        "key": "mainLblStatusBotStop",
        "vi_label": "BOT đang dừng",
		"en_label": "BOT is stopping"
    },
	{
        "key": "mainLblExpiry",
        "vi_label": "Ngày hết hạn",
		"en_label": "Expiry date"
    },
	{
        "key": "mainLblFindMouse",
        "vi_label": "Hiển thị vị trí con trỏ",
		"en_label": "Show mouse position"
    },
    {
        "key": "mainLblAutoHelp",
        "vi_label": "Tự động giúp đồng minh",
		"en_label": "Auto help alliance"
    },
    {
        "key": "mainLblAutoHeal",
        "vi_label": "Tự động trị thương lính",
		"en_label": "Auto heal soldiers"
    },
	{
        "key": "alertTitleSaveConfig",
        "vi_label": "Xác nhận",
		"en_label": "Confirm"
    },
	{
        "key": "alertMessSaveConfig",
        "vi_label": "Ứng dụng thay đổi ngôn ngữ, cần khởi động lại ứng dụng để áp dụng ngôn ngữ và cấu hình mới. Bạn có muốn lưu thay đổi không?",
		"en_label": "The application changed language, need to restart the application to apply the new language and configuration. Do you want to save the changes?"
    },
	{
        "key": "logSaveConfig",
        "vi_label": "Đã lưu cấu hình",
		"en_label": "Configuration saved"
    },
	{
        "key": "logCancleConfig",
        "vi_label": "Cấu hình chưa được lưu",
		"en_label": "Configuration not saved"
    }
]