[
    {
        "x": 1676,
        "y": 663,
        "sl": 1
    },
    {
        "x": 1399,
        "y": 512,
        "sl": 1
    },
    {
        "x": 1823,
        "y": 706,
        "sl": 0.1
    },
    {
        "x": 1753,
        "y": 808,
        "sl": 1
    },
	{
        "x": 1672,
        "y": 666,
        "sl": 1
    },
	{
        "x": 1623,
        "y": 814,
        "sl": 1
    },
	{
        "x": 1802,
        "y": 505,
        "sl": 1
    },
	{
        "x": 1754,
        "y": 645,
        "sl": 1
    },
	{
        "x": 1674,
        "y": 657,
        "sl": 1
    }
]